,year,airport,city,population,most_popular_route,number_of_passengers,latitude,longitude
13,1990,ATL,"Atlanta, GA",3087755,ATL-ORD,773986,33.6366996765137,-84.4281005859375
29,1990,BOS,"Boston, MA",8269386,BOS-ORD,651208,42.36429977,-71.00520325
34,1990,BWI,"Baltimore, MD",2389165,BWI-ORD,295104,39.17539978,-76.66829681
44,1990,CLE,"Cleveland, OH",2103367,CLE-ORD,386602,41.4117012024,-81.8498001099
46,1990,CLT,"Charlotte, NC",1029829,CLT-ATL,384772,35.2140007019043,-80.9430999755859
62,1990,DFW,"Dallas, TX",8019250,DFW-IAH,760366,32.896800994873,-97.0380020141602
66,1990,DTW,"Detroit, MI",8503650,DTW-ORD,750215,42.2123985290527,-83.353401184082
77,1990,EWR,"Newark, NJ",16868983,EWR-ORD,708301,40.6925010681152,-74.168701171875
109,1990,IAD,"Washington, DC",8270942,IAD-EWR,120359,38.94449997,-77.45580292
126,1990,LAX,"Los Angeles, CA",22585772,LAX-SFO,1816069,33.94250107,-118.4079971
130,1990,LGA,"New York, NY",33737966,LGA-ATL,716619,40.77719879,-73.87259674
158,1990,MSP,"Minneapolis, MN",2548237,MSP-ORD,695052,44.8819999695,-93.2218017578
169,1990,ORD,"Chicago, IL",16395048,ORD-EWR,705144,41.97859955,-87.90480042
178,1990,PHX,"Phoenix, AZ",2245805,PHX-ORD,551859,33.4342994689941,-112.012001037598
181,1990,PIT,"Pittsburgh, PA",2468674,PIT-EWR,239779,40.49150085,-80.23290253
205,1990,SEA,"Seattle, WA",5154164,SEA-LAX,669627,47.4490013122559,-122.30899810791
206,1990,SFO,"San Francisco, CA",7436126,SFO-LAX,1803672,37.6189994812012,-122.375
219,1990,STL,"St. Louis, MO",2584656,STL-ORD,605506,38.7486991882324,-90.370002746582
249,1991,ATL,"Atlanta, GA",3163883,ATL-ORD,633817,33.6366996765137,-84.4281005859375
268,1991,BNA,"Nashville, TN",1067021,BNA-DFW,301500,36.1245002746582,-86.6781997680664
269,1991,BOS,"Boston, MA",8227986,BOS-ORD,663956,42.36429977,-71.00520325
277,1991,BWI,"Baltimore, MD",2410834,BWI-ORD,290438,39.17539978,-76.66829681
288,1991,CLE,"Cleveland, OH",2113056,CLE-ORD,404416,41.4117012024,-81.8498001099
290,1991,CLT,"Charlotte, NC",1050648,CLT-ATL,288832,35.2140007019043,-80.9430999755859
308,1991,DFW,"Dallas, TX",8182938,DFW-IAH,703982,32.896800994873,-97.0380020141602
313,1991,DTW,"Detroit, MI",8578382,DTW-ORD,739696,42.2123985290527,-83.353401184082
324,1991,EWR,"Newark, NJ",16874842,EWR-ORD,729545,40.6925010681152,-74.168701171875
362,1991,IAD,"Washington, DC",8369110,IAD-EWR,123749,38.94449997,-77.45580292
363,1991,IAH,"Houston, TX",3888584,IAH-DFW,688344,29.9843997955322,-95.3414001464844
381,1991,LAX,"Los Angeles, CA",22754058,LAX-HNL,1828453,33.94250107,-118.4079971
388,1991,LGA,"New York, NY",33749684,LGA-CLE,184051,40.77719879,-73.87259674
401,1991,MCO,"Orlando, FL",1274721,MCO-MIA,509078,28.4293994903564,-81.3089981079102
409,1991,MIA,"Miami, FL",8312530,MIA-JFK,537912,25.7931995391846,-80.2906036376953
419,1991,MSP,"Minneapolis, MN",2581103,MSP-ORD,707019,44.8819999695,-93.2218017578
432,1991,ORD,"Chicago, IL",16550288,ORD-DTW,754875,41.97859955,-87.90480042
442,1991,PHL,"Philadelphia, PA",10917452,PHL-BOS,358330,39.871898651123,-75.241096496582
443,1991,PHX,"Phoenix, AZ",2302011,PHX-LAS,1021697,33.4342994689941,-112.012001037598
446,1991,PIT,"Pittsburgh, PA",2472127,PIT-EWR,239928,40.49150085,-80.23290253
475,1991,SEA,"Seattle, WA",5242050,SEA-PDX,546521,47.4490013122559,-122.30899810791
476,1991,SFO,"San Francisco, CA",7498756,SFO-LAX,1967282,37.6189994812012,-122.375
481,1991,SLC,"Salt Lake City, UT",790507,SLC-SFO,201577,40.7883987426758,-111.977996826172
488,1991,STL,"St. Louis, MO",2595543,STL-ORD,607264,38.7486991882324,-90.370002746582
522,1992,ATL,"Atlanta, GA",3245141,ATL-ORD,671120,33.6366996765137,-84.4281005859375
541,1992,BOS,"Boston, MA",8227058,BOS-DCA,529958,42.36429977,-71.00520325
564,1992,CLT,"Charlotte, NC",1065787,CLT-ATL,298979,35.2140007019043,-80.9430999755859
582,1992,DFW,"Dallas, TX",8314270,DFW-ORD,758192,32.896800994873,-97.0380020141602
586,1992,DTW,"Detroit, MI",8653794,DTW-ORD,715078,42.2123985290527,-83.353401184082
591,1992,EKO,"Elko, NV",38698,EKO-PDX,6343,40.8249015808105,-115.791999816895
597,1992,EWR,"Newark, NJ",16930924,EWR-ORD,772049,40.6925010681152,-74.168701171875
635,1992,IAH,"Houston, TX",3983375,IAH-DFW,722908,29.9843997955322,-95.3414001464844
654,1992,LAX,"Los Angeles, CA",23010408,LAX-JFK,1032554,33.94250107,-118.4079971
662,1992,LGA,"New York, NY",33861848,LGA-MCO,465830,40.77719879,-73.87259674
693,1992,MSP,"Minneapolis, MN",2616238,MSP-ORD,764093,44.8819999695,-93.2218017578
706,1992,ORD,"Chicago, IL",16720340,ORD-MSP,788592,41.97859955,-87.90480042
715,1992,PHL,"Philadelphia, PA",10934282,PHL-ORD,534624,39.871898651123,-75.241096496582
720,1992,PIT,"Pittsburgh, PA",2477012,PIT-EWR,250862,40.49150085,-80.23290253
745,1992,SEA,"Seattle, WA",5347562,SEA-PDX,548528,47.4490013122559,-122.30899810791
746,1992,SFO,"San Francisco, CA",7578602,SFO-LAX,1575874,37.6189994812012,-122.375
751,1992,SLC,"Salt Lake City, UT",811613,SLC-DFW,371456,40.7883987426758,-111.977996826172
757,1992,STL,"St. Louis, MO",2603363,STL-ORD,575323,38.7486991882324,-90.370002746582
793,1993,ATL,"Atlanta, GA",3339551,ATL-ORD,705923,33.6366996765137,-84.4281005859375
812,1993,BNA,"Nashville, TN",1109755,BNA-DFW,363501,36.1245002746582,-86.6781997680664
813,1993,BOS,"Boston, MA",8260582,BOS-DCA,592755,42.36429977,-71.00520325
836,1993,CLT,"Charlotte, NC",1086132,CLT-ATL,300850,35.2140007019043,-80.9430999755859
854,1993,DFW,"Dallas, TX",8450926,DFW-IAH,695431,32.896800994873,-97.0380020141602
858,1993,DTW,"Detroit, MI",8711888,DTW-ORD,673036,42.2123985290527,-83.353401184082
864,1993,EKO,"Elko, NV",40259,EKO-SLC,28638,40.8249015808105,-115.791999816895
870,1993,EWR,"Newark, NJ",17013259,EWR-ORD,855098,40.6925010681152,-74.168701171875
910,1993,IAH,"Houston, TX",4058868,IAH-DFW,675463,29.9843997955322,-95.3414001464844
929,1993,LAX,"Los Angeles, CA",23154972,LAX-HNL,1826148,33.94250107,-118.4079971
958,1993,MIA,"Miami, FL",8572430,MIA-JFK,558324,25.7931995391846,-80.2906036376953
968,1993,MSP,"Minneapolis, MN",2654810,MSP-ORD,792803,44.8819999695,-93.2218017578
980,1993,ORD,"Chicago, IL",16876600,ORD-MSP,798879,41.97859955,-87.90480042
988,1993,PHL,"Philadelphia, PA",10961072,PHL-ORD,552199,39.871898651123,-75.241096496582
992,1993,PIT,"Pittsburgh, PA",2478989,PIT-EWR,253453,40.49150085,-80.23290253
1017,1993,SEA,"Seattle, WA",5432136,SEA-PDX,597130,47.4490013122559,-122.30899810791
1018,1993,SFO,"San Francisco, CA",7635582,SFO-LAX,1440807,37.6189994812012,-122.375
1024,1993,SLC,"Salt Lake City, UT",833385,SLC-SFO,231791,40.7883987426758,-111.977996826172
1030,1993,STL,"St. Louis, MO",2616153,STL-MCI,456605,38.7486991882324,-90.370002746582
1069,1994,ATL,"Atlanta, GA",3444861,ATL-DFW,985665,33.6366996765137,-84.4281005859375
1088,1994,BOS,"Boston, MA",8293684,BOS-DCA,593417,42.36429977,-71.00520325
1109,1994,CLT,"Charlotte, NC",1108977,CLT-ATL,369487,35.2140007019043,-80.9430999755859
1118,1994,CVG,"Cincinnati, OH",1922360,CVG-ORD,296648,39.0488014221,-84.6678009033
1126,1994,DFW,"Dallas, TX",8613622,DFW-IAH,804438,32.896800994873,-97.0380020141602
1132,1994,DTW,"Detroit, MI",8761684,DTW-ORD,693312,42.2123985290527,-83.353401184082
1138,1994,EKO,"Elko, NV",41668,EKO-SEA,7354,40.8249015808105,-115.791999816895
1145,1994,EWR,"Newark, NJ",17072218,EWR-ORD,866151,40.6925010681152,-74.168701171875
1201,1994,LAS,"Las Vegas, NV",938611,LAS-LAX,1264170,36.08010101,-115.1520004
1203,1994,LAX,"Los Angeles, CA",23179000,LAX-HNL,1696143,33.94250107,-118.4079971
1211,1994,LGA,"New York, NY",34144436,LGA-MCO,414150,40.77719879,-73.87259674
1234,1994,MIA,"Miami, FL",8746902,MIA-JFK,685696,25.7931995391846,-80.2906036376953
1244,1994,MSP,"Minneapolis, MN",2690359,MSP-ORD,790651,44.8819999695,-93.2218017578
1257,1994,ORD,"Chicago, IL",17018756,ORD-MSP,792336,41.97859955,-87.90480042
1266,1994,PHL,"Philadelphia, PA",10988706,PHL-ORD,602231,39.871898651123,-75.241096496582
1267,1994,PHX,"Phoenix, AZ",2549507,PHX-LAX,1175417,33.4342994689941,-112.012001037598
1270,1994,PIT,"Pittsburgh, PA",2471125,PIT-EWR,271832,40.49150085,-80.23290253
1302,1994,SLC,"Salt Lake City, UT",852741,SLC-LAS,386638,40.7883987426758,-111.977996826172
1308,1994,STL,"St. Louis, MO",2624554,STL-DTW,499327,38.7486991882324,-90.370002746582
1349,1995,ATL,"Atlanta, GA",3548667,ATL-ORD,877182,33.6366996765137,-84.4281005859375
1370,1995,BOS,"Boston, MA",8357434,BOS-JFK,185964,42.36429977,-71.00520325
1390,1995,CLE,"Cleveland, OH",2130938,CLE-ORD,488581,41.4117012024,-81.8498001099
1393,1995,CLT,"Charlotte, NC",1135592,CLT-ATL,353576,35.2140007019043,-80.9430999755859
1403,1995,CVG,"Cincinnati, OH",1935662,CVG-ORD,315166,39.0488014221,-84.6678009033
1413,1995,DFW,"Dallas, TX",8787062,DFW-IAH,821874,32.896800994873,-97.0380020141602
1418,1995,DTW,"Detroit, MI",8837982,DTW-ORD,755245,42.2123985290527,-83.353401184082
1423,1995,EKO,"Elko, NV",42918,EKO-PDX,5351,40.8249015808105,-115.791999816895
1429,1995,EWR,"Newark, NJ",17130692,EWR-ORD,934647,40.6925010681152,-74.168701171875
1475,1995,IAH,"Houston, TX",4191632,IAH-DFW,810225,29.9843997955322,-95.3414001464844
1498,1995,LAX,"Los Angeles, CA",23203726,LAX-HNL,1715915,33.94250107,-118.4079971
1506,1995,LGA,"New York, NY",34261384,LGA-PBI,335690,40.77719879,-73.87259674
1520,1995,MCO,"Orlando, FL",1389986,MCO-MIA,332959,28.4293994903564,-81.3089981079102
1539,1995,MSP,"Minneapolis, MN",2725644,MSP-ORD,759560,44.8819999695,-93.2218017578
1552,1995,ORD,"Chicago, IL",17155070,ORD-EWR,948210,41.97859955,-87.90480042
1562,1995,PHL,"Philadelphia, PA",11004980,PHL-BOS,527539,39.871898651123,-75.241096496582
1566,1995,PIT,"Pittsburgh, PA",2460192,PIT-ORD,338887,40.49150085,-80.23290253
1597,1995,SEA,"Seattle, WA",5551884,SEA-ANC,765792,47.4490013122559,-122.30899810791
1605,1995,SLC,"Salt Lake City, UT",867700,SLC-LAS,497428,40.7883987426758,-111.977996826172
1610,1995,STL,"St. Louis, MO",2634959,STL-CLE,289310,38.7486991882324,-90.370002746582
1654,1996,ATL,"Atlanta, GA",3652439,ATL-ORD,1039791,33.6366996765137,-84.4281005859375
1675,1996,BOS,"Boston, MA",8407438,BOS-JFK,195828,42.36429977,-71.00520325
1696,1996,CLE,"Cleveland, OH",2130821,CLE-ORD,465392,41.4117012024,-81.8498001099
1710,1996,CVG,"Cincinnati, OH",1948312,CVG-ORD,401670,39.0488014221,-84.6678009033
1720,1996,DFW,"Dallas, TX",8994450,DFW-IAH,774170,32.896800994873,-97.0380020141602
1726,1996,DTW,"Detroit, MI",8912962,DTW-ORD,764424,42.2123985290527,-83.353401184082
1732,1996,EKO,"Elko, NV",45034,EKO-SLC,26195,40.8249015808105,-115.791999816895
1738,1996,EWR,"Newark, NJ",17190036,EWR-ORD,980038,40.6925010681152,-74.168701171875
1786,1996,IAH,"Houston, TX",4268132,IAH-DFW,785348,29.9843997955322,-95.3414001464844
1810,1996,LAX,"Los Angeles, CA",23326070,LAX-HNL,1664672,33.94250107,-118.4079971
1834,1996,MCO,"Orlando, FL",1422502,MCO-MIA,287691,28.4293994903564,-81.3089981079102
1853,1996,MSP,"Minneapolis, MN",2760875,MSP-ORD,762148,44.8819999695,-93.2218017578
1870,1996,ORD,"Chicago, IL",17287860,ORD-EWR,986315,41.97859955,-87.90480042
1878,1996,PHL,"Philadelphia, PA",11007158,PHL-ORD,577410,39.871898651123,-75.241096496582
1879,1996,PHX,"Phoenix, AZ",2753549,PHX-LAX,1284046,33.4342994689941,-112.012001037598
1883,1996,PIT,"Pittsburgh, PA",2447532,PIT-EWR,296553,40.49150085,-80.23290253
1925,1996,SLC,"Salt Lake City, UT",882467,SLC-LAS,592451,40.7883987426758,-111.977996826172
1931,1996,STL,"St. Louis, MO",2642938,STL-ORD,615413,38.7486991882324,-90.370002746582
1979,1997,ATL,"Atlanta, GA",3756986,ATL-ORD,1093571,33.6366996765137,-84.4281005859375
2002,1997,BOS,"Boston, MA",8460622,BOS-JFK,195658,42.36429977,-71.00520325
2025,1997,CLE,"Cleveland, OH",2126219,CLE-ORD,446734,41.4117012024,-81.8498001099
2028,1997,CLT,"Charlotte, NC",1194105,CLT-ATL,481490,35.2140007019043,-80.9430999755859
2038,1997,CVG,"Cincinnati, OH",1964172,CVG-ORD,374865,39.0488014221,-84.6678009033
2049,1997,DFW,"Dallas, TX",9231044,DFW-IAH,796914,32.896800994873,-97.0380020141602
2055,1997,DTW,"Detroit, MI",8934802,DTW-ORD,772163,42.2123985290527,-83.353401184082
2060,1997,EKO,"Elko, NV",47413,EKO-PDX,4892,40.8249015808105,-115.791999816895
2067,1997,EWR,"Newark, NJ",17264316,EWR-ORD,935911,40.6925010681152,-74.168701171875
2118,1997,IAH,"Houston, TX",4351339,IAH-DFW,790848,29.9843997955322,-95.3414001464844
2143,1997,LAX,"Los Angeles, CA",23583460,LAX-HNL,1597944,33.94250107,-118.4079971
2166,1997,MCO,"Orlando, FL",1464182,MCO-MIA,279308,28.4293994903564,-81.3089981079102
2188,1997,MSP,"Minneapolis, MN",2795024,MSP-ORD,748142,44.8819999695,-93.2218017578
2204,1997,ORD,"Chicago, IL",17405264,ORD-ATL,1087258,41.97859955,-87.90480042
2213,1997,PHL,"Philadelphia, PA",11003856,PHL-ORD,609258,39.871898651123,-75.241096496582
2214,1997,PHX,"Phoenix, AZ",2841395,PHX-LAX,1188290,33.4342994689941,-112.012001037598
2218,1997,PIT,"Pittsburgh, PA",2432761,PIT-ORD,329348,40.49150085,-80.23290253
2247,1997,SEA,"Seattle, WA",5727624,SEA-PDX,502890,47.4490013122559,-122.30899810791
2255,1997,SLC,"Salt Lake City, UT",898848,SLC-PHX,548655,40.7883987426758,-111.977996826172
2261,1997,STL,"St. Louis, MO",2651494,STL-ORD,653756,38.7486991882324,-90.370002746582
2303,1998,ATL,"Atlanta, GA",3872031,ATL-ORD,1141939,33.6366996765137,-84.4281005859375
2325,1998,BOS,"Boston, MA",8506878,BOS-JFK,279560,42.36429977,-71.00520325
2346,1998,CLE,"Cleveland, OH",2121415,CLE-ORD,438346,41.4117012024,-81.8498001099
2359,1998,CVG,"Cincinnati, OH",1978593,CVG-ORD,380206,39.0488014221,-84.6678009033
2368,1998,DFW,"Dallas, TX",9475022,DFW-IAH,776231,32.896800994873,-97.0380020141602
2374,1998,DTW,"Detroit, MI",8944948,DTW-ORD,812220,42.2123985290527,-83.353401184082
2387,1998,EWR,"Newark, NJ",17341505,EWR-ORD,902023,40.6925010681152,-74.168701171875
2428,1998,IAH,"Houston, TX",4445918,IAH-DFW,783486,29.9843997955322,-95.3414001464844
2450,1998,LAX,"Los Angeles, CA",23895178,LAX-HNL,1456153,33.94250107,-118.4079971
2470,1998,MCI,"Kansas City, MO",1795891,MCI-STL,582600,39.2976,-94.713898
2472,1998,MCO,"Orlando, FL",1502837,MCO-MIA,368233,28.4293994903564,-81.3089981079102
2477,1998,MEM,"Memphis, TN",1156598,MEM-DFW,250380,35.0424003601074,-89.9766998291016
2483,1998,MIA,"Miami, FL",9383038,MIA-JFK,672166,25.7931995391846,-80.2906036376953
2493,1998,MSP,"Minneapolis, MN",2830434,MSP-ORD,796510,44.8819999695,-93.2218017578
2508,1998,ORD,"Chicago, IL",17529224,ORD-ATL,1157842,41.97859955,-87.90480042
2518,1998,PHL,"Philadelphia, PA",11020546,PHL-ORD,608489,39.871898651123,-75.241096496582
2523,1998,PIT,"Pittsburgh, PA",2418452,PIT-DTW,197297,40.49150085,-80.23290253
2548,1998,SEA,"Seattle, WA",5831556,SEA-ANC,754489,47.4490013122559,-122.30899810791
2556,1998,SLC,"Salt Lake City, UT",906185,SLC-LAS,547793,40.7883987426758,-111.977996826172
2564,1998,STL,"St. Louis, MO",2655631,STL-ORD,648540,38.7486991882324,-90.370002746582
2583,1998,YIP,"Detroit, MI",8944948,YIP-SHV,0,42.23789978,-83.53040314
2608,1999,ATL,"Atlanta, GA",3988728,ATL-ORD,1077974,33.6366996765137,-84.4281005859375
2629,1999,BOS,"Boston, MA",8550938,BOS-JFK,249127,42.36429977,-71.00520325
2651,1999,CLE,"Cleveland, OH",2117837,CLE-DTW,204651,41.4117012024,-81.8498001099
2654,1999,CLT,"Charlotte, NC",1255975,CLT-ORD,313194,35.2140007019043,-80.9430999755859
2673,1999,DFW,"Dallas, TX",9703564,DFW-ATL,1299079,32.896800994873,-97.0380020141602
2680,1999,DTW,"Detroit, MI",8962394,DTW-ORD,785932,42.2123985290527,-83.353401184082
2692,1999,EWR,"Newark, NJ",17431724,EWR-ORD,753975,40.6925010681152,-74.168701171875
2732,1999,IAH,"Houston, TX",4540138,IAH-ORD,516330,29.9843997955322,-95.3414001464844
2754,1999,LAX,"Los Angeles, CA",24181874,LAX-HNL,1409678,33.94250107,-118.4079971
2775,1999,MCO,"Orlando, FL",1535004,MCO-MIA,354695,28.4293994903564,-81.3089981079102
2780,1999,MEM,"Memphis, TN",1169733,MEM-DFW,240443,35.0424003601074,-89.9766998291016
2787,1999,MIA,"Miami, FL",9521044,MIA-ATL,933414,25.7931995391846,-80.2906036376953
2797,1999,MSP,"Minneapolis, MN",2872109,MSP-ORD,738988,44.8819999695,-93.2218017578
2814,1999,ORD,"Chicago, IL",17655010,ORD-ATL,1097739,41.97859955,-87.90480042
2824,1999,PHL,"Philadelphia, PA",11042574,PHL-ORD,580758,39.871898651123,-75.241096496582
2825,1999,PHX,"Phoenix, AZ",3013696,PHX-LAX,1297281,33.4342994689941,-112.012001037598
2829,1999,PIT,"Pittsburgh, PA",2404337,PIT-ORD,351317,40.49150085,-80.23290253
2855,1999,SEA,"Seattle, WA",5900502,SEA-ANC,711654,47.4490013122559,-122.30899810791
2857,1999,SFO,"San Francisco, CA",8068740,SFO-ORD,964061,37.6189994812012,-122.375
2862,1999,SLC,"Salt Lake City, UT",913736,SLC-LAS,564415,40.7883987426758,-111.977996826172
2869,1999,STL,"St. Louis, MO",2663420,STL-ORD,669360,38.7486991882324,-90.370002746582
2888,1999,YIP,"Detroit, MI",8962394,YIP-SHV,0,42.23789978,-83.53040314
2913,2000,ATL,"Atlanta, GA",4281905,ATL-DFW,1308723,33.6366996765137,-84.4281005859375
2934,2000,BNA,"Nashville, TN",1317580,BNA-MEM,82094,36.1245002746582,-86.6781997680664
2935,2000,BOS,"Boston, MA",8805222,BOS-JFK,244483,42.36429977,-71.00520325
2959,2000,CLE,"Cleveland, OH",2147948,CLE-ORD,391718,41.4117012024,-81.8498001099
2962,2000,CLT,"Charlotte, NC",1340417,CLT-BWI,275437,35.2140007019043,-80.9430999755859
2972,2000,CVG,"Cincinnati, OH",2014665,CVG-ORD,419771,39.0488014221,-84.6678009033
2981,2000,DFW,"Dallas, TX",10392376,DFW-ATL,1284973,32.896800994873,-97.0380020141602
2988,2000,DTW,"Detroit, MI",8914942,DTW-ORD,783147,42.2123985290527,-83.353401184082
2999,2000,EWR,"Newark, NJ",18352743,EWR-ORD,809806,40.6925010681152,-74.168701171875
3040,2000,IAH,"Houston, TX",4739414,IAH-ORD,523843,29.9843997955322,-95.3414001464844
3064,2000,LAX,"Los Angeles, CA",24797900,LAX-SFO,1269180,33.94250107,-118.4079971
3092,2000,MEM,"Memphis, TN",1208269,MEM-DFW,245294,35.0424003601074,-89.9766998291016
3112,2000,MSP,"Minneapolis, MN",2981616,MSP-ORD,720590,44.8819999695,-93.2218017578
3127,2000,ORD,"Chicago, IL",18235464,ORD-LAX,1266320,41.97859955,-87.90480042
3137,2000,PHL,"Philadelphia, PA",11386550,PHL-ORD,614488,39.871898651123,-75.241096496582
3171,2000,SEA,"Seattle, WA",6104758,SEA-PDX,422548,47.4490013122559,-122.30899810791
3178,2000,SLC,"Salt Lake City, UT",972653,SLC-LAX,615045,40.7883987426758,-111.977996826172
3185,2000,STL,"St. Louis, MO",2701634,STL-ORD,640200,38.7486991882324,-90.370002746582
3206,2000,YIP,"Detroit, MI",8914942,YIP-SHV,0,42.23789978,-83.53040314
3233,2001,ATL,"Atlanta, GA",4432950,ATL-DFW,1164989,33.6366996765137,-84.4281005859375
3256,2001,BNA,"Nashville, TN",1343263,BNA-IND,260,36.1245002746582,-86.6781997680664
3257,2001,BOS,"Boston, MA",8886620,BOS-JFK,174217,42.36429977,-71.00520325
3281,2001,CLE,"Cleveland, OH",2144528,CLE-ORD,342602,41.4117012024,-81.8498001099
3293,2001,CVG,"Cincinnati, OH",2035680,CVG-ORD,327517,39.0488014221,-84.6678009033
3302,2001,DFW,"Dallas, TX",10709246,DFW-ATL,1133865,32.896800994873,-97.0380020141602
3311,2001,DTW,"Detroit, MI",8958464,DTW-ORD,707394,42.2123985290527,-83.353401184082
3324,2001,EWR,"Newark, NJ",18490029,EWR-ORD,711567,40.6925010681152,-74.168701171875
3372,2001,IAH,"Houston, TX",4851189,IAH-ORD,500943,29.9843997955322,-95.3414001464844
3377,2001,IND,"Indianapolis, IN",1556076,IND-PHL,108471,39.7173,-86.294403
3394,2001,LAX,"Los Angeles, CA",25051472,LAX-SFO,951977,33.94250107,-118.4079971
3401,2001,LGA,"New York, NY",36980058,LGA-DTW,394863,40.77719879,-73.87259674
3415,2001,MCI,"Kansas City, MO",1865245,MCI-SLC,160231,39.2976,-94.713898
3422,2001,MEM,"Memphis, TN",1216654,MEM-DFW,214633,35.0424003601074,-89.9766998291016
3441,2001,MSP,"Minneapolis, MN",3024111,MSP-ORD,715061,44.8819999695,-93.2218017578
3457,2001,ORD,"Chicago, IL",18385002,ORD-JFK,37497,41.97859955,-87.90480042
3467,2001,PHL,"Philadelphia, PA",11445082,PHL-IAD,40286,39.871898651123,-75.241096496582
3501,2001,SEA,"Seattle, WA",6188760,SEA-SFO,688211,47.4490013122559,-122.30899810791
3509,2001,SLC,"Salt Lake City, UT",988989,SLC-LAX,613665,40.7883987426758,-111.977996826172
3516,2001,STL,"St. Louis, MO",2719279,STL-DTW,455898,38.7486991882324,-90.370002746582
3538,2001,YIP,"Detroit, MI",8958464,YIP-BWG,0,42.23789978,-83.53040314
3569,2002,ATL,"Atlanta, GA",4555490,ATL-DFW,1112531,33.6366996765137,-84.4281005859375
3627,2002,CLT,"Charlotte, NC",1406699,CLT-PHL,329227,35.2140007019043,-80.9430999755859
3639,2002,CVG,"Cincinnati, OH",2050030,CVG-ORD,292085,39.0488014221,-84.6678009033
3651,2002,DFW,"Dallas, TX",10953156,DFW-ATL,1072504,32.896800994873,-97.0380020141602
3660,2002,DTW,"Detroit, MI",8972134,DTW-ORD,634466,42.2123985290527,-83.353401184082
3678,2002,EWR,"Newark, NJ",18590085,EWR-ORD,686062,40.6925010681152,-74.168701171875
3737,2002,IAH,"Houston, TX",4978638,IAH-DFW,491270,29.9843997955322,-95.3414001464844
3744,2002,IND,"Indianapolis, IN",1578239,IND-ORD,313683,39.7173,-86.294403
3794,2002,MCI,"Kansas City, MO",1890419,MCI-STL,388129,39.2976,-94.713898
3802,2002,MEM,"Memphis, TN",1226669,MEM-DFW,174506,35.0424003601074,-89.9766998291016
3826,2002,MSP,"Minneapolis, MN",3053303,MSP-ORD,672191,44.8819999695,-93.2218017578
3851,2002,ORD,"Chicago, IL",18490270,ORD-ANC,67148,41.97859955,-87.90480042
3871,2002,PIT,"Pittsburgh, PA",2408973,PIT-PHL,349220,40.49150085,-80.23290253
3922,2002,SLC,"Salt Lake City, UT",1001874,SLC-LAX,565375,40.7883987426758,-111.977996826172
3932,2002,STL,"St. Louis, MO",2733818,STL-DTW,392605,38.7486991882324,-90.370002746582
3962,2002,YIP,"Detroit, MI",8972134,YIP-MCI,0,42.23789978,-83.53040314
3995,2003,ATL,"Atlanta, GA",4673146,ATL-DFW,1085245,33.6366996765137,-84.4281005859375
4053,2003,CLT,"Charlotte, NC",1436890,CLT-ATL,341667,35.2140007019043,-80.9430999755859
4065,2003,CVG,"Cincinnati, OH",2066256,CVG-ORD,302536,39.0488014221,-84.6678009033
4077,2003,DFW,"Dallas, TX",11164066,DFW-IAH,464247,32.896800994873,-97.0380020141602
4087,2003,DTW,"Detroit, MI",8985512,DTW-ORD,632649,42.2123985290527,-83.353401184082
4166,2003,IAH,"Houston, TX",5084017,IAH-DFW,460107,29.9843997955322,-95.3414001464844
4173,2003,IND,"Indianapolis, IN",1600165,IND-ORD,354816,39.7173,-86.294403
4198,2003,LAS,"Las Vegas, NV",1572924,LAS-LAX,1134167,36.08010101,-115.1520004
4200,2003,LAX,"Los Angeles, CA",25434866,LAX-SFO,749231,33.94250107,-118.4079971
4225,2003,MCI,"Kansas City, MO",1912368,MCI-STL,330112,39.2976,-94.713898
4233,2003,MEM,"Memphis, TN",1238075,MEM-DFW,188210,35.0424003601074,-89.9766998291016
4256,2003,MSP,"Minneapolis, MN",3078253,MSP-ORD,703206,44.8819999695,-93.2218017578
4281,2003,ORD,"Chicago, IL",18572324,ORD-ANC,79121,41.97859955,-87.90480042
4296,2003,PHX,"Phoenix, AZ",3600163,PHX-LAX,964858,33.4342994689941,-112.012001037598
4301,2003,PIT,"Pittsburgh, PA",2400193,PIT-PHL,264015,40.49150085,-80.23290253
4355,2003,SLC,"Salt Lake City, UT",1016377,SLC-PHX,527208,40.7883987426758,-111.977996826172
4366,2003,STL,"St. Louis, MO",2743862,STL-ORD,550000,38.7486991882324,-90.370002746582
4398,2003,YIP,"Detroit, MI",8985512,YIP-MCI,0,42.23789978,-83.53040314
4431,2004,ATL,"Atlanta, GA",4802300,ATL-DFW,1168596,33.6366996765137,-84.4281005859375
4491,2004,CLT,"Charlotte, NC",1471706,CLT-ATL,349254,35.2140007019043,-80.9430999755859
4503,2004,CVG,"Cincinnati, OH",2083905,CVG-ORD,317038,39.0488014221,-84.6678009033
4515,2004,DFW,"Dallas, TX",11379964,DFW-IAH,527322,32.896800994873,-97.0380020141602
4525,2004,DTW,"Detroit, MI",8996622,DTW-ORD,688346,42.2123985290527,-83.353401184082
4542,2004,EWR,"Newark, NJ",18747431,EWR-BOS,317992,40.6925010681152,-74.168701171875
4603,2004,IAH,"Houston, TX",5190444,IAH-DFW,529801,29.9843997955322,-95.3414001464844
4610,2004,IND,"Indianapolis, IN",1622935,IND-ORD,398290,39.7173,-86.294403
4633,2004,LAS,"Las Vegas, NV",1646875,LAS-LAX,1268270,36.08010101,-115.1520004
4670,2004,MEM,"Memphis, TN",1249048,MEM-DFW,209702,35.0424003601074,-89.9766998291016
4694,2004,MSP,"Minneapolis, MN",3106569,MSP-ORD,727365,44.8819999695,-93.2218017578
4721,2004,ORD,"Chicago, IL",18664180,ORD-ANC,85481,41.97859955,-87.90480042
4736,2004,PHX,"Phoenix, AZ",3723359,PHX-LAX,937692,33.4342994689941,-112.012001037598
4797,2004,SLC,"Salt Lake City, UT",1030597,SLC-PHX,572895,40.7883987426758,-111.977996826172
4807,2004,STL,"St. Louis, MO",2759153,STL-ORD,557944,38.7486991882324,-90.370002746582
4838,2004,YIP,"Detroit, MI",8996622,YIP-MCI,0,42.23789978,-83.53040314
4871,2005,ATL,"Atlanta, GA",4947012,ATL-ORD,802203,33.6366996765137,-84.4281005859375
4927,2005,CLE,"Cleveland, OH",2118249,CLE-DTW,120556,41.4117012024,-81.8498001099
4930,2005,CLT,"Charlotte, NC",1519448,CLT-ATL,458715,35.2140007019043,-80.9430999755859
4942,2005,CVG,"Cincinnati, OH",2102422,CVG-ORD,314668,39.0488014221,-84.6678009033
4954,2005,DFW,"Dallas, TX",11632814,DFW-IAH,520595,32.896800994873,-97.0380020141602
4964,2005,DTW,"Detroit, MI",8988796,DTW-ORD,707335,42.2123985290527,-83.353401184082
5042,2005,IAH,"Houston, TX",5299567,IAH-DFW,529965,29.9843997955322,-95.3414001464844
5049,2005,IND,"Indianapolis, IN",1645027,IND-ORD,396967,39.7173,-86.294403
5074,2005,LAS,"Las Vegas, NV",1708846,LAS-LAX,1307235,36.08010101,-115.1520004
5076,2005,LAX,"Los Angeles, CA",25522350,LAX-SFO,837836,33.94250107,-118.4079971
5109,2005,MEM,"Memphis, TN",1261429,MEM-ATL,511640,35.0424003601074,-89.9766998291016
5132,2005,MSP,"Minneapolis, MN",3132772,MSP-ORD,862215,44.8819999695,-93.2218017578
5159,2005,ORD,"Chicago, IL",18724160,ORD-ANC,102626,41.97859955,-87.90480042
5172,2005,PHL,"Philadelphia, PA",11701242,PHL-ATL,781176,39.871898651123,-75.241096496582
5233,2005,SLC,"Salt Lake City, UT",1044845,SLC-LAX,546794,40.7883987426758,-111.977996826172
5244,2005,STL,"St. Louis, MO",2773155,STL-ORD,570716,38.7486991882324,-90.370002746582
5277,2005,YIP,"Detroit, MI",8988796,YIP-MCI,0,42.23789978,-83.53040314
5309,2006,ATL,"Atlanta, GA",5119641,ATL-ORD,738931,33.6366996765137,-84.4281005859375
5338,2006,BNA,"Nashville, TN",1489156,BNA-CLT,188719,36.1245002746582,-86.6781997680664
5369,2006,CLT,"Charlotte, NC",1583869,CLT-ATL,540881,35.2140007019043,-80.9430999755859
5381,2006,CVG,"Cincinnati, OH",2122711,CVG-ORD,305876,39.0488014221,-84.6678009033
5393,2006,DFW,"Dallas, TX",11998822,DFW-IAH,505975,32.896800994873,-97.0380020141602
5403,2006,DTW,"Detroit, MI",8969084,DTW-ORD,669316,42.2123985290527,-83.353401184082
5420,2006,EWR,"Newark, NJ",18825633,EWR-ORD,767856,40.6925010681152,-74.168701171875
5479,2006,IAD,"Washington, DC",10530024,IAD-BOS,450890,38.94449997,-77.45580292
5480,2006,IAH,"Houston, TX",5484883,IAH-DFW,516327,29.9843997955322,-95.3414001464844
5487,2006,IND,"Indianapolis, IN",1671898,IND-ORD,377510,39.7173,-86.294403
5511,2006,LAS,"Las Vegas, NV",1778129,LAS-LAX,1226067,36.08010101,-115.1520004
5513,2006,LAX,"Los Angeles, CA",25427320,LAX-SFO,942799,33.94250107,-118.4079971
5547,2006,MEM,"Memphis, TN",1280666,MEM-ATL,443202,35.0424003601074,-89.9766998291016
5570,2006,MSP,"Minneapolis, MN",3167666,MSP-ORD,948232,44.8819999695,-93.2218017578
5595,2006,ORD,"Chicago, IL",18797710,ORD-ANC,91052,41.97859955,-87.90480042
5609,2006,PHL,"Philadelphia, PA",11761824,PHL-PIT,404791,39.871898651123,-75.241096496582
5610,2006,PHX,"Phoenix, AZ",4046571,PHX-LAX,898632,33.4342994689941,-112.012001037598
5615,2006,PIT,"Pittsburgh, PA",2361482,PIT-PHL,424145,40.49150085,-80.23290253
5671,2006,SLC,"Salt Lake City, UT",1072748,SLC-PHX,590113,40.7883987426758,-111.977996826172
5682,2006,STL,"St. Louis, MO",2791682,STL-ORD,574891,38.7486991882324,-90.370002746582
5748,2007,ATL,"Atlanta, GA",5267527,ATL-MEM,410032,33.6366996765137,-84.4281005859375
5808,2007,CLT,"Charlotte, NC",1650974,CLT-ATL,697288,35.2140007019043,-80.9430999755859
5819,2007,CVG,"Cincinnati, OH",2148315,CVG-ORD,268777,39.0488014221,-84.6678009033
5831,2007,DFW,"Dallas, TX",12313304,DFW-IAH,484889,32.896800994873,-97.0380020141602
5841,2007,DTW,"Detroit, MI",8913164,DTW-ORD,681288,42.2123985290527,-83.353401184082
5859,2007,EWR,"Newark, NJ",18901167,EWR-ORD,766332,40.6925010681152,-74.168701171875
5922,2007,IAH,"Houston, TX",5597674,IAH-DFW,495521,29.9843997955322,-95.3414001464844
5954,2007,LAS,"Las Vegas, NV",1838635,LAS-LAX,1212897,36.08010101,-115.1520004
5986,2007,MCI,"Kansas City, MO",2011857,MCI-ORD,414791,39.2976,-94.713898
5994,2007,MEM,"Memphis, TN",1290610,MEM-ATL,410479,35.0424003601074,-89.9766998291016
6018,2007,MSP,"Minneapolis, MN",3204196,MSP-ORD,993480,44.8819999695,-93.2218017578
6045,2007,ORD,"Chicago, IL",18903872,ORD-JFK,261395,41.97859955,-87.90480042
6061,2007,PHL,"Philadelphia, PA",11825356,PHL-ATL,809565,39.871898651123,-75.241096496582
6067,2007,PIT,"Pittsburgh, PA",2357141,PIT-ORD,327356,40.49150085,-80.23290253
6123,2007,SLC,"Salt Lake City, UT",1092594,SLC-PHX,686737,40.7883987426758,-111.977996826172
6134,2007,STL,"St. Louis, MO",2806368,STL-ATL,353257,38.7486991882324,-90.370002746582
6168,2007,YIP,"Detroit, MI",8913164,YIP-MCI,42,42.23789978,-83.53040314
6203,2008,ATL,"Atlanta, GA",5385586,ATL-MEM,410271,33.6366996765137,-84.4281005859375
6261,2008,CLE,"Cleveland, OH",2094051,CLE-ORD,340616,41.4117012024,-81.8498001099
6264,2008,CLT,"Charlotte, NC",1706469,CLT-ATL,705847,35.2140007019043,-80.9430999755859
6275,2008,CVG,"Cincinnati, OH",2158643,CVG-ORD,243642,39.0488014221,-84.6678009033
6287,2008,DFW,"Dallas, TX",12602170,DFW-IAH,456014,32.896800994873,-97.0380020141602
6297,2008,DTW,"Detroit, MI",8847562,DTW-ORD,628829,42.2123985290527,-83.353401184082
6379,2008,IAD,"Washington, DC",10755872,IAD-ATL,494718,38.94449997,-77.45580292
6380,2008,IAH,"Houston, TX",5726705,IAH-DFW,470277,29.9843997955322,-95.3414001464844
6412,2008,LAS,"Las Vegas, NV",1879093,LAS-LAX,1055640,36.08010101,-115.1520004
6414,2008,LAX,"Los Angeles, CA",25536790,LAX-SFO,1438639,33.94250107,-118.4079971
6443,2008,MCI,"Kansas City, MO",2046083,MCI-ORD,391629,39.2976,-94.713898
6451,2008,MEM,"Memphis, TN",1298529,MEM-ATL,408704,35.0424003601074,-89.9766998291016
6474,2008,MSP,"Minneapolis, MN",3237612,MSP-ORD,891563,44.8819999695,-93.2218017578
6500,2008,ORD,"Chicago, IL",19031272,ORD-JFK,272014,41.97859955,-87.90480042
6516,2008,PHL,"Philadelphia, PA",11880992,PHL-ATL,824337,39.871898651123,-75.241096496582
6517,2008,PHX,"Phoenix, AZ",4287323,PHX-LAX,795014,33.4342994689941,-112.012001037598
6580,2008,SLC,"Salt Lake City, UT",1111600,SLC-PHX,621379,40.7883987426758,-111.977996826172
6591,2008,STL,"St. Louis, MO",2818688,STL-ATL,385869,38.7486991882324,-90.370002746582
6658,2009,ATL,"Atlanta, GA",5475213,ATL-CLT,684750,33.6366996765137,-84.4281005859375
6717,2009,CLE,"Cleveland, OH",2091286,CLE-ORD,339208,41.4117012024,-81.8498001099
6720,2009,CLT,"Charlotte, NC",1745524,CLT-ATL,698395,35.2140007019043,-80.9430999755859
6731,2009,CVG,"Cincinnati, OH",2171896,CVG-ORD,238325,39.0488014221,-84.6678009033
6743,2009,DFW,"Dallas, TX",12895230,DFW-IAH,405097,32.896800994873,-97.0380020141602
6753,2009,DTW,"Detroit, MI",8806874,DTW-ORD,531474,42.2123985290527,-83.353401184082
6770,2009,EWR,"Newark, NJ",19069796,EWR-ORD,661255,40.6925010681152,-74.168701171875
6831,2009,IAD,"Washington, DC",10952482,IAD-ATL,467628,38.94449997,-77.45580292
6832,2009,IAH,"Houston, TX",5867489,IAH-ORD,493164,29.9843997955322,-95.3414001464844
6862,2009,LAS,"Las Vegas, NV",1902834,LAS-LAX,976927,36.08010101,-115.1520004
6864,2009,LAX,"Los Angeles, CA",25749594,LAX-SFO,1494141,33.94250107,-118.4079971
6892,2009,MCI,"Kansas City, MO",2067585,MCI-ORD,347493,39.2976,-94.713898
6900,2009,MEM,"Memphis, TN",1304926,MEM-ORD,166372,35.0424003601074,-89.9766998291016
6908,2009,MIA,"Miami, FL",11094102,MIA-ATL,761835,25.7931995391846,-80.2906036376953
6923,2009,MSP,"Minneapolis, MN",3269814,MSP-ORD,826620,44.8819999695,-93.2218017578
6952,2009,ORD,"Chicago, IL",19161134,ORD-IAH,491994,41.97859955,-87.90480042
6968,2009,PHL,"Philadelphia, PA",11936504,PHL-ORD,701897,39.871898651123,-75.241096496582
7032,2009,SLC,"Salt Lake City, UT",1130293,SLC-PHX,580649,40.7883987426758,-111.977996826172
